"Home","Accueil"
"Go to Home Page","Aller à la page d’accueil"
"Breadcrumb","Fil d’Ariane"
"Search results for: '%1'","Résultats pour « %1 »"
"Search results for: %1","Résultats pour « %1 »"
"In stock","En stock"
"Out of stock","Épuisé"
"As low as","À partir de"
"Add to Cart","Ajouter au panier"
"Quantity","Quantité"
"Related Products","Vous aimerez aussi"
"We found other products you might like!","Vous aimerez aussi"
"Description","Description"
"More Information","Caractéristiques"
"Gallery","Galerie"
"Previous","Précédent"
"Next","Suivant"
"Press to skip carousel","Passer la galerie"
"Close","Fermer"
"Choose an Option...","Choisir…"
