"Your order","Votre commande"
"Checkout steps","Étapes de la commande"
"Show order summary","Afficher le récapitulatif de la commande"
"Choose your appointment","Choisissez votre rendez-vous"
"Next","Continuer vers le paiement"
"Review & Payments","Paiement"
"Shipping","Livraison"
"Shipping Address","Adresse de livraison"
"Shipping Methods","Modes de livraison"
"Order Summary","Récapitulatif de la commande"
"Email Address","Adresse email"
"First Name","Prénom"
"Last Name","Nom"
"Company","Société"
"Street Address","Adresse"
"Street Address: Line %1","Adresse : ligne %1"
"Country","Pays"
"State/Province","Région"
"City","Ville"
"Zip/Postal Code","Code postal"
"Phone Number","Téléphone"
"Sign In","Se connecter"
"Sign in","Se connecter"
"Password","Mot de passe"
"Forgot Your Password?","Mot de passe oublié ?"
"You can create an account after checkout.","Vous pourrez créer un compte après la commande."
"Ship To:","Livrer à"
"Shipping Method:","Mode de livraison"
"Cart Subtotal","Sous-total"
"Subtotal","Sous-total"
"Order Total","Total"
"Estimated Total","Total estimé"
"Item in Cart","article dans le panier"
"Items in Cart","articles dans le panier"
"Qty","Quantité"
"View Details","Voir les détails"
"Options Details","Détail des options"
"View and Edit Cart","Modifier mon panier"
"Edit","Modifier"
"Close","Fermer"
"My billing and shipping address are the same","Mon adresse de facturation est identique à mon adresse de livraison"
"Billing Address","Adresse de facturation"
"New Address","Nouvelle adresse"
"Update","Mettre à jour"
"Cancel","Annuler"
"Save in address book","Enregistrer dans le carnet d’adresses"
"Use This Address","Utiliser cette adresse"
"Ship Here","Livrer ici"
"Select a billing address from your address book or enter a new address.","Choisissez une adresse de facturation ou saisissez une nouvelle adresse."
"Apply Discount Code","Appliquer un code promo"
"Enter discount code","Saisissez votre code promo"
"Apply Discount","Appliquer"
"Cancel Coupon","Retirer le code promo"
"Place Order","Commander avec obligation de paiement"
"Payment Method","Mode de paiement"
"This is a required field.","Ce champ est obligatoire."
"Please enter a valid email address (Ex: johndoe@domain.com).","Saisissez une adresse email valide."
"Please enter a valid email address.","Saisissez une adresse email valide."
"Please specify a shipping method.","Choisissez un mode de livraison."
"Please select a payment method.","Choisissez un moyen de paiement."
"Please agree to all the terms and conditions before placing the order.","Acceptez les conditions générales de vente avant de commander."
"Sorry, no quotes are available for this order at this time","Aucun mode de livraison n’est disponible pour cette adresse."
"Loading...","Chargement…"
"Loading","Chargement…"
"Tooltip","Aide"
"For delivery questions.","Pour vous contacter au sujet de la livraison."
"* Required Fields","* Champs obligatoires"
"of","sur"
"Details","Détails"
"You have no items in your shopping cart.","Votre panier est vide."
"No Payment Methods","Aucun moyen de paiement disponible"
"Free","Offert"
"Calculated after choosing delivery","Calculée après le choix de livraison"
"edit","Modifier"
"Payment Information","Paiement"
"No Payment method available.","Aucun moyen de paiement disponible."
"Read the terms and conditions","Lire les conditions générales de vente"
"I would like to receive news from the workshop (optional).","Je souhaite recevoir les nouvelles de l’atelier (facultatif)."
"You will receive an email to confirm your subscription. You can unsubscribe at any time.","Vous recevrez un email pour confirmer votre inscription. Désinscription possible à tout moment."
"Street Address: Line 1","Adresse : ligne 1"
"Street Address: Line 2","Adresse : ligne 2"
"Street Address: Line 3","Adresse : ligne 3"
"Line %1","ligne %1"
"Pay with Klarna.","Payer avec Klarna"
"Pay with Klarna","Payer avec Klarna"
