"Please choose your relay point.","Choisissez votre point relais."
"This relay point cannot be used. Please choose another one.","Ce point relais ne peut pas être retenu. Choisissez-en un autre."
"%1 — Relay point %2","%1 — Point relais %2"
"Choose the relay point where your parcel will be delivered.","Choisissez le point relais où votre colis sera livré."
"Your relay point","Votre point relais"
"Please choose your pickup time.","Choisissez votre créneau de retrait."
"This pickup time is no longer available. Please choose another one.","Ce créneau n'est plus disponible. Choisissez-en un autre."
"This pickup time has just been booked. Please go back to the delivery step and choose another one.","Ce créneau vient d'être réservé. Revenez à l'étape Livraison pour en choisir un autre."
"Get directions","Itinéraire"
"Loading available times…","Chargement des créneaux disponibles…"
"No pickup time is available at the moment. Please choose relay point delivery or contact me.","Aucun créneau de retrait n'est disponible pour le moment. Choisissez la livraison en point relais ou contactez-moi."
"Pickup day","Jour du retrait"
"Pickup time","Heure du retrait"
"Your appointment","Votre rendez-vous"
"Day","Jour"
"From (HH:MM)","De (HH:MM)"
"To (HH:MM)","À (HH:MM)"
"Add a time range","Ajouter une plage"
"Monday","Lundi"
"Tuesday","Mardi"
"Wednesday","Mercredi"
"Thursday","Jeudi"
"Friday","Vendredi"
"Saturday","Samedi"
"Sunday","Dimanche"
"Gift wrapping","Emballage cadeau"
"Shipping & Handling Information","Informations de livraison"
